epoch,training_mse,validation_mse,best_validation_mse,is_best,patience_counter
1,3.542066671749419,0.5955232154823349,0.5955232154823349,True,0
2,0.6711375844995794,0.5365447072449796,0.5365447072449796,True,0
3,0.6494411123052526,0.5248339828140959,0.5248339828140959,True,0
4,0.6472233850107474,0.6783017010983831,0.5248339828140959,False,1
5,0.6445606879316798,0.5236191502112353,0.5236191502112353,True,0
6,0.6232597272114271,0.537826318893128,0.5236191502112353,False,1
7,0.6248527502026731,0.5569258073370852,0.5236191502112353,False,2
8,0.60087439364292,0.5712773129373729,0.5236191502112353,False,3
9,0.596689307833567,0.49423323792373824,0.49423323792373824,True,0
10,0.5654596878444003,0.49018281687519505,0.49018281687519505,True,0
11,0.5533096709767545,0.5094764346253134,0.49018281687519505,False,1
12,0.5476163994847557,0.5375416372588533,0.49018281687519505,False,2
13,0.5439876604959274,0.4767310900959426,0.4767310900959426,True,0
14,0.5329462493265261,0.6136924790051169,0.4767310900959426,False,1
15,0.5449637214357,0.4683454212909211,0.4683454212909211,True,0
16,0.5217657696606652,0.42717639514786043,0.42717639514786043,True,0
17,0.5060157077273811,0.5773823327171113,0.42717639514786043,False,1
18,0.5127113125522267,0.49594210721775445,0.42717639514786043,False,2
19,0.4698192912607781,0.4591996411482493,0.42717639514786043,False,3
20,0.4779559510750845,0.506095369859132,0.42717639514786043,False,4
21,0.4322649625038242,0.4003960990144345,0.4003960990144345,True,0
22,0.3932180801077547,0.3568360130587024,0.3568360130587024,True,0
23,0.4077926398624885,0.5587289959132791,0.3568360130587024,False,1
24,0.4509935117704423,0.37417520792660364,0.3568360130587024,False,2
25,0.39839535247547725,0.45137120175980283,0.3568360130587024,False,3
26,0.41733858586639944,0.39812591505383776,0.3568360130587024,False,4
27,0.43263679650204007,0.598196759909213,0.3568360130587024,False,5
28,0.4296030072423881,0.32821325298078996,0.32821325298078996,True,0
29,0.36989752701682727,0.3073808717037627,0.3073808717037627,True,0
30,0.36009108382180166,0.3757442485548541,0.3073808717037627,False,1
31,0.3418274639085072,0.3664857566118716,0.3073808717037627,False,2
32,0.3568387975954334,0.4055747996547265,0.3073808717037627,False,3
33,0.37534593769249835,0.4077761506962919,0.3073808717037627,False,4
34,0.3670449054783537,0.34255656936687384,0.3073808717037627,False,5
35,0.3333859884166289,0.31287533494526754,0.3073808717037627,False,6
36,0.3343881719506864,0.36825768445542234,0.3073808717037627,False,7
37,0.33946232707160845,0.29249962439794025,0.29249962439794025,True,0
38,0.31898498944921855,0.32846162636836845,0.29249962439794025,False,1
39,0.32890358322654834,0.3095431040028136,0.29249962439794025,False,2
40,0.33670882706214533,0.43747599669797216,0.29249962439794025,False,3
41,0.3320539905908008,0.3152258777332877,0.29249962439794025,False,4
42,0.30933103221232094,0.2733499531379479,0.2733499531379479,True,0
43,0.2986746887149889,0.3277910807175551,0.2733499531379479,False,1
44,0.30930190148804654,0.3208261795386583,0.2733499531379479,False,2
45,0.3014041272111017,0.33241824198387815,0.2733499531379479,False,3
46,0.29991366861641944,0.28330034222193584,0.2733499531379479,False,4
47,0.28989396719933197,0.3010674097580824,0.2733499531379479,False,5
48,0.28203316416145724,0.2551888920411378,0.2551888920411378,True,0
49,0.27393348232783726,0.26891927484742656,0.2551888920411378,False,1
50,0.26859477525911246,0.27157309919655204,0.2551888920411378,False,2
51,0.2859350632972477,0.30669796923677367,0.2551888920411378,False,3
52,0.2904250686645774,0.2901379382717395,0.2551888920411378,False,4
53,0.2726224267807127,0.3105467574444122,0.2551888920411378,False,5
54,0.30779327320214794,0.48636926061616925,0.2551888920411378,False,6
55,0.30643389849693103,0.2682123507211308,0.2551888920411378,False,7
56,0.284681941554782,0.2810119890881156,0.2551888920411378,False,8
57,0.27032520123202175,0.2522821547980318,0.2522821547980318,True,0
58,0.25054121336601276,0.2526710982391696,0.2522821547980318,False,1
59,0.24525035912594204,0.25253070015869217,0.2522821547980318,False,2
60,0.27382385715783475,0.4068055298870909,0.2522821547980318,False,3
61,0.3428611477733746,0.3496344694120441,0.2522821547980318,False,4
62,0.3495011603061452,0.38381358651581876,0.2522821547980318,False,5
63,0.3690136330775315,0.27649213637182574,0.2522821547980318,False,6
64,0.26516671736450964,0.3173699056554935,0.2522821547980318,False,7
65,0.2528848270926645,0.25988452153767416,0.2522821547980318,False,8
66,0.25445819648405615,0.27272883914782853,0.2522821547980318,False,9
67,0.25912051996966623,0.2901716224983067,0.2522821547980318,False,10
68,0.2335649548549395,0.2958323977188674,0.2522821547980318,False,11
69,0.2369475574130048,0.27558148524123516,0.2522821547980318,False,12
70,0.2460107757200459,0.2558242061656868,0.2522821547980318,False,13
71,0.23226448584493853,0.2586964263411577,0.2522821547980318,False,14
72,0.2410051848818489,0.23668668783472446,0.23668668783472446,True,0
73,0.22176001751752,0.23588164686085936,0.23588164686085936,True,0
74,0.22777476733193722,0.2964571667645506,0.23588164686085936,False,1
75,0.24743477806694114,0.29537212767762816,0.23588164686085936,False,2
76,0.24144911430195828,0.25187507050479957,0.23588164686085936,False,3
77,0.22814379427842488,0.28133869503072634,0.23588164686085936,False,4
78,0.24897779592417763,0.47741940496210566,0.23588164686085936,False,5
79,0.29863233982146553,0.332220127910911,0.23588164686085936,False,6
80,0.2540806038275852,0.3615184345645105,0.23588164686085936,False,7
81,0.26179493876986426,0.2581421072195152,0.23588164686085936,False,8
82,0.2327931544804216,0.2623201776407436,0.23588164686085936,False,9
83,0.22222947887044842,0.31535987913489577,0.23588164686085936,False,10
84,0.22145631587078865,0.2609698680644026,0.23588164686085936,False,11
85,0.20727890387013026,0.2378798125092379,0.23588164686085936,False,12
86,0.21876181609069895,0.4729839591090075,0.23588164686085936,False,13
87,0.25482603177872887,0.2733236378062509,0.23588164686085936,False,14
88,0.21322759798212235,0.266330361943283,0.23588164686085936,False,15
89,0.21061532329807273,0.2666646308349278,0.23588164686085936,False,16
90,0.21067385706814734,0.32514068950674013,0.23588164686085936,False,17
91,0.22681258572334145,0.23236284946015257,0.23236284946015257,True,0
92,0.20366212034632944,0.424122329612454,0.23236284946015257,False,1
93,0.27180032696905737,0.4589111572016261,0.23236284946015257,False,2
94,0.2628374710040289,0.2632856795173919,0.23236284946015257,False,3
95,0.21107415488739042,0.2366201505451621,0.23236284946015257,False,4
96,0.19344988010159136,0.2604257140211954,0.23236284946015257,False,5
97,0.19591768441195603,0.2618883949375438,0.23236284946015257,False,6
98,0.20562769752860302,0.261756038136349,0.23236284946015257,False,7
99,0.18807182996820432,0.24509769268259554,0.23236284946015257,False,8
100,0.18910683553122243,0.2962218384185951,0.23236284946015257,False,9
101,0.24564525599494114,0.25148987532137873,0.23236284946015257,False,10
102,0.2057897700923291,0.2649513027922598,0.23236284946015257,False,11
103,0.20815708396121432,0.2724142480991082,0.23236284946015257,False,12
104,0.2245086618015659,0.25291675052005136,0.23236284946015257,False,13
105,0.19768476380596056,0.31421821138815964,0.23236284946015257,False,14
106,0.20735182959973292,0.23315258857137905,0.23236284946015257,False,15
107,0.19447002424162643,0.3090039202909984,0.23236284946015257,False,16
108,0.20506571827929865,0.2676888682587656,0.23236284946015257,False,17
109,0.2065842428186881,0.33942173457669167,0.23236284946015257,False,18
110,0.24316415087995594,0.26959636063870795,0.23236284946015257,False,19
111,0.19358629533591146,0.2411198639881587,0.23236284946015257,False,20
112,0.20152559894963776,0.2515792485661135,0.23236284946015257,False,21
